line_id,side,group,definition,description,hqla_level,hqla_haircut,lcr_outflow,lcr_inflow,nsfr_asf,nsfr_rsf,in_balance_sum,confidence,rationale,source
A_RES_FED,asset,cash,CHFRB,Balances at Federal Reserve (central bank reserves),L1,0,,0,,0,1,High,"Central bank reserves = Level 1, 0% haircut; 0% RSF",Basel LCR (BCBS 238; Basel Framework LCR30/LCR40) LCR30.1; Basel NSFR (BCBS 295; Basel Framework NSF30)
A_CASH_FOREIGN,asset,cash,CHNUS,Balances due from foreign banks (assumed mostly foreign central bank placements),L1,0,,,,0,1,Low,Not separable in Call Report; assumed foreign central-bank reserves for a G-SIB bank. Sensitivity: set haircut/RSF to FI-placement values,Assumption - verify vs JPMorgan Chase & Co. LCR disclosure
A_COIN,asset,cash,CHCOIN,Currency and coin,L1,0,,,,0,1,High,Coins and banknotes = Level 1,Basel LCR (BCBS 238; Basel Framework LCR30/LCR40)
A_CIPC,asset,cash,CHCIC,Cash items in process of collection,,,,,,1.0,1,Low,Not HQLA; conservative 'other assets' RSF,Basel NSFR (BCBS 295; Basel Framework NSF30)
A_CASH_SCOPE_ADJ,asset,cash,-CHCOIN,Scope adjustment: CHCOIN overlaps with CHBAL's reported total,,,,,,0.0,1,Low,"Empirically verified at all 14 quarters: CHBAL == CHFRB+CHNUS+CHUS+CHCIC exactly, with no room for CHCOIN; and total ASSET only reconciles when CHCOIN is NOT added as an incremental amount on top of CHBAL's 4 sub-items. This means FDIC's CHCOIN field duplicates a currency/coin amount already embedded inside CHBAL's reported figure (likely inside CHCIC or CHNUS), rather than being a wholly separate asset. This line backs CHCOIN back out so the cash-family total matches the audited balance sheet exactly. Root cause in FDIC's field definitions not resolved from public docs -- flagged for review rather than assumed silently.",Reconciliation-forced adjustment; see mapping_README.md 'Known data quirks'
A_DUE_US,asset,cash,CHUS,Balances due from US depository institutions,,,,,,0.15,1,Medium,Placements with financial institutions <6m: 15% RSF,Basel NSFR (BCBS 295; Basel Framework NSF30)
S_UST,asset,securities,SCUST,US Treasury securities,L1,0,,,,0.05,1,High,Sovereign 0% RW = Level 1; unencumbered L1 RSF 5%,Basel LCR (BCBS 238; Basel Framework LCR30/LCR40) LCR30.1; Basel NSFR (BCBS 295; Basel Framework NSF30)
S_GNMA,asset,securities,SCGNM,GNMA pass-through MBS (full faith & credit),L1,0,,,,0.05,1,Medium,Treated as Level 1 under US rule (Treasury-guaranteed); Basel text is less explicit -> flagged,US Reg WW (12 CFR 249) HQLA treatment
S_GSE,asset,securities,SCUSO-SCGNM,"Agency/GSE debt and MBS (FNMA, FHLMC, agency CMO/CMBS)",L2A,0.15,,,,0.15,1,Medium,"GSE-guaranteed securities = Level 2A, 15% haircut; RSF 15%",Basel LCR (BCBS 238; Basel Framework LCR30/LCR40) LCR30.1; US Reg WW (12 CFR 249) HQLA treatment
S_MUNI,asset,securities,SCMUNI,State & municipal securities,L2B,0.5,,,,0.5,1,Low,Investment-grade GO munis Level 2B (50% haircut) under US rule; ratings unknown,US Reg WW (12 CFR 249) HQLA treatment
S_OTHDOM,asset,securities,SCDOMO,"Other domestic debt (private RMBS/CMBS, ABS, structured, corporate)",,,,,,0.85,1,Low,No ratings -> not HQLA (conservative); non-HQLA securities RSF 85%,Basel NSFR (BCBS 295; Basel Framework NSF30)
S_FOR,asset,securities,SCFORD,Foreign debt securities,,,,,,0.85,1,Low,Composition unknown (foreign sovereign could be L1) -> conservative non-HQLA; sensitivity item,Assumption
S_OTHER,asset,securities,SC-SCUST-SCUSO-SCMUNI-SCDOMO-SCFORD,Equities & residual securities,,,,,,0.85,1,Low,"Equity/residual: not HQLA, RSF 85%",Basel NSFR (BCBS 295; Basel Framework NSF30)
A_TRADE,asset,trading,TRADE,Trading assets,,,,,,0.85,1,Low,Composition (securities vs derivatives) unknown; blended 85%. Derivative assets would be 100%,Basel NSFR (BCBS 295; Basel Framework NSF30)
A_REVREPO,asset,secured_lending,FREPO,Fed funds sold & reverse repos,,,,0,,0.15,1,Low,Secured lending to FIs <6m: 10% (L1 collateral) / 15% (other) -> 15% conservative; no inflow credited (collateral may be re-used),Basel NSFR (BCBS 295; Basel Framework NSF30)
L_RES_LE12,asset,loans,LNRS3LES+LNRS3T12,"1-4 family first-lien loans, <=12m (maturity/repricing)",,,,,,0.5,1,Medium,Loans <1y to retail: 50% RSF,Basel NSFR (BCBS 295; Basel Framework NSF30)
L_RES_GT12,asset,loans,LNRS1T3+LNRS3T5+LNRS5T15+LNRSOV15,"1-4 family first-lien loans, >1y",,,,,,0.65,1,Medium,"Residential mortgages >=1y, RW<=35%: 65% RSF. Note buckets are 'maturity OR next repricing' (ARMs understate maturity)",Basel NSFR (BCBS 295; Basel Framework NSF30)
L_NBFI_SHORT,asset,loans,"min(LNNDEPD,LNOT3LES)",Loans to non-depository financial institutions (assumed <=3m),,,,0.3333333333333333,,0.15,1,Low,Loans to FIs <6m: 15% RSF; FI inflow 100% x (30d/90d) share maturing in 30d,Basel NSFR (BCBS 295; Basel Framework NSF30); Basel LCR (BCBS 238; Basel Framework LCR30/LCR40)
L_OTH_LE12,asset,loans,"LNOT3LES+LNOT3T12-min(LNNDEPD,LNOT3LES)","Other loans <=12m (C&I, cards, consumer, other)",,,,0,,0.5,1,Low,Loans <1y to non-financials/retail: 50% RSF; <=3m bucket is dominated by revolving/no-maturity balances -> no LCR inflow credited,Basel NSFR (BCBS 295; Basel Framework NSF30)
L_OTH_GT12,asset,loans,LNOT1T3+LNOT3T5+LNOT5T15+LNOTOV15,Other loans >1y,,,,,,0.85,1,Medium,"Performing loans >=1y, RW>35%: 85% RSF",Basel NSFR (BCBS 295; Basel Framework NSF30)
L_RECON,asset,loans,LNLSGR-(LNRS3LES+LNRS3T12+LNRS1T3+LNRS3T5+LNRS5T15+LNRSOV15+LNOT3LES+LNOT3T12+LNOT1T3+LNOT3T5+LNOT5T15+LNOTOV15),Loans not covered by the maturity/repricing schedule (gross basis),,,,,,0.85,1,Low,"The LNRS*/LNOT* maturity schedule (Sched. RC-C Pt.I memo) is reported GROSS, not net of allowance -- confirmed: LNLSNET = LNLSGR - LNATRES exactly, and LNLSGR - sum(buckets) is small and POSITIVE (~0.6% of gross loans, sensible residual e.g. nonaccrual/unscheduled loans), whereas LNLSNET - sum(buckets) was NEGATIVE (impossible economically) -- that was the bug. Fixed by using LNLSGR as the base here; the allowance is now backed out explicitly via A_ALLOW below instead of being silently mixed into this residual.",Reconciliation-forced fix; see mapping_README.md 'Known data quirks'
A_ALLOW,asset,loans,-LNATRES,Allowance for loan and lease losses (contra-asset),,,,,,,1,High,"Deduction from gross to net loan carrying value (LNLSNET = LNLSGR - LNATRES). Not an economic exposure, so no RSF weight of its own -- ratios.py excludes this line from the RSF-weighted sum but includes it in the balance-sheet total check. NSFR RSF is properly applied on carrying (net) values, not gross: ratios.py applies a uniform LNLSNET/LNLSGR netting factor across all loan-schedule RSF lines to approximate this (see README).",Standard netting; recommended by independent review
A_PREM,asset,other,BKPREM,Premises & fixed assets,,,,,,1.0,1,High,Other assets 100% RSF,Basel NSFR (BCBS 295; Basel Framework NSF30)
A_ORE,asset,other,ORE,Other real estate owned,,,,,,1.0,1,High,Other assets 100% RSF,Basel NSFR (BCBS 295; Basel Framework NSF30)
A_INTAN,asset,other,INTAN,Goodwill & intangibles,,,,,,1.0,1,High,Other assets 100% RSF,Basel NSFR (BCBS 295; Basel Framework NSF30)
A_OTHER,asset,other,AOA,All other assets,,,,,,1.0,1,Medium,Other assets 100% RSF,Basel NSFR (BCBS 295; Basel Framework NSF30)
D_INS_STABLE,liability,deposits,DEPINS-BROINS,Insured domestic deposits (non-brokered) - proxy for stable retail/small business,,,0.05,,0.95,,1,Medium,Fully insured deposits = 'stable' 5% run-off; stable retail <1y ASF 95%. Proxy: assumes relationship criteria met,Basel LCR (BCBS 238; Basel Framework LCR30/LCR40) LCR40.7; Basel NSFR (BCBS 295; Basel Framework NSF30)
D_INS_BRO,liability,deposits,BROINS,Fully insured brokered deposits,,,0.1,,0.9,,1,Medium,Brokered -> less stable: 10% run-off; ASF 90%,Basel LCR (BCBS 238; Basel Framework LCR30/LCR40) LCR40.9; Basel NSFR (BCBS 295; Basel Framework NSF30)
D_DOM_BANK,liability,deposits,TRNCBO+NTRCOMOT,Deposits of US banks (domestic offices),,,1.0,,0.0,,1,High,Financial institution deposits 100% run-off; ASF 0%,Basel LCR (BCBS 238; Basel Framework LCR30/LCR40) LCR40.28; Basel NSFR (BCBS 295; Basel Framework NSF30)
D_DOM_GOV,liability,deposits,TRNUSGOV+NTRUSGOV+TRNMUNI+NTRMUNI,US federal/state/local govt deposits,,,0.4,,0.5,,1,Medium,Sovereign/PSE non-operational 40% run-off; wholesale <1y ASF 50%,Basel LCR (BCBS 238; Basel Framework LCR30/LCR40) LCR40.31; Basel NSFR (BCBS 295; Basel Framework NSF30)
D_DOM_FOR,liability,deposits,TRNFCFG+NTRFCFG,Foreign banks & govts' deposits in domestic offices,,,1.0,,0.0,,1,Low,Mix of foreign banks (100%) and foreign govts (40%) unknown -> conservative 100%,Assumption
D_DOM_UNINS_OTH,liability,deposits,DEPDOM-DEPINS-(TRNCBO+NTRCOMOT)-(TRNUSGOV+NTRUSGOV+TRNMUNI+NTRMUNI)-(TRNFCFG+NTRFCFG),Uninsured domestic deposits - corporates & other (residual),,,0.4,,0.5,,1,Medium,Non-financial corporate non-operational 40% run-off; ASF 50%. Operational-deposit share (25%) not separable -> sensitivity,Basel LCR (BCBS 238; Basel Framework LCR30/LCR40) LCR40.31; Basel NSFR (BCBS 295; Basel Framework NSF30)
D_FO_IPC,liability,deposits,DEPIPCCF,Foreign-office deposits: individuals/partnerships/corporations,,,0.4,,0.5,,1,Low,Assumed non-financial corporate/wholesale; may include non-bank FIs (100%),Assumption
D_FO_BANK,liability,deposits,DEPFBKF+DEPUSBKF,Foreign-office deposits: banks,,,1.0,,0.0,,1,High,FI deposits 100% run-off; ASF 0%,Basel LCR (BCBS 238; Basel Framework LCR30/LCR40)
D_FO_GOV,liability,deposits,DEPFGOVF+DEPUSMF,Foreign-office deposits: governments/official,,,0.4,,0.5,,1,Medium,Sovereign non-operational 40%; ASF 50%,Basel LCR (BCBS 238; Basel Framework LCR30/LCR40)
B_REPO,liability,borrowings,FREPP,Fed funds purchased & repos,,,0.25,,0.0,,1,Low,Secured funding; collateral mix unknown. L1 0% / L2A 15% / other up to 100% -> 25% placeholder. ASF 0% (<6m FI),Basel LCR (BCBS 238; Basel Framework LCR30/LCR40) LCR40.46-40.50
B_TRADEL,liability,borrowings,TRADEL,Trading liabilities,,,0.0,,0.0,,1,Low,Derivative/short-position outflows not reconstructable from Call Report -> omitted (understates outflows),Limitation
B_ST,liability,borrowings,OTHBOT1L+OTBFH1L,Other borrowings + FHLB advances maturing <=1y,,,0.0821917808219178,,0.25,,1,Medium,Uniform maturity: 30/365 falls in 30d at 100%; ASF avg of 0% (<6m) and 50% (6-12m) = 25%,Basel LCR (BCBS 238; Basel Framework LCR30/LCR40); Basel NSFR (BCBS 295; Basel Framework NSF30)
B_LT,liability,borrowings,OTHBRF-OTHBOT1L-OTBFH1L,Other borrowings with remaining maturity >1y,,,0.0,,1.0,,1,Medium,Liabilities >=1y: 100% ASF; no 30d outflow,Basel NSFR (BCBS 295; Basel Framework NSF30)
B_SUB,liability,borrowings,SUBND,Subordinated debt,,,0.0,,1.0,,1,High,Capital/long-term debt 100% ASF,Basel NSFR (BCBS 295; Basel Framework NSF30)
B_OTHL,liability,other,ALLOTHL,All other liabilities,,,0.0,,0.0,,1,Low,Accruals/payables; other liabilities 0% ASF; LCR outflow omitted,Basel NSFR (BCBS 295; Basel Framework NSF30)
E_EQ,equity,capital,EQTOT,Total equity capital,,,0.0,,1.0,,1,High,Regulatory capital pre-deductions 100% ASF (equity used as proxy),Basel NSFR (BCBS 295; Basel Framework NSF30)
O_CARD,offbs,commitments,UCCRCD,Unused credit card lines,,,0.05,,,,0,Medium,Retail credit/liquidity facilities 5%,Basel LCR (BCBS 238; Basel Framework LCR30/LCR40) LCR40.57
O_HELOC,offbs,commitments,UCLOC,Unused HELOC lines,,,0.05,,,,0,Medium,Retail facilities 5%,Basel LCR (BCBS 238; Basel Framework LCR30/LCR40)
O_CRE,offbs,commitments,UCCOMRE,Unused CRE/construction commitments,,,0.1,,,,0,Medium,Corporate credit facilities 10%,Basel LCR (BCBS 238; Basel Framework LCR30/LCR40)
O_OTHER,offbs,commitments,UCOTHER,Other unused commitments,,,0.2,,,,0,Low,Blend of corporate credit 10% / liquidity 30% / FI 40-100% -> 20% placeholder,Basel LCR (BCBS 238; Basel Framework LCR30/LCR40)
O_SBLC,offbs,commitments,LOCFPSB,Standby letters of credit & guarantees,,,0.05,,,,0,Low,Contingent funding: national discretion; 5% placeholder,Basel LCR (BCBS 238; Basel Framework LCR30/LCR40)
M_SCPLEDGE,memo,encumbrance,SCPLEDGE,Pledged securities (deducted from Level 1 HQLA),,,,,,,0,Medium,Encumbered assets excluded from HQLA; deducted from L1 (conservative),Basel LCR (BCBS 238; Basel Framework LCR30/LCR40) LCR30
