line_id,side,group,ratio,category,subcategory,factor_pct,definition,latest_value_20260630,in_balance_sum,confidence,description,rationale,source
A_RES_FED,asset,cash,LCR,HQLA,L1,100.0,CHFRB,52240000.0,1,High,Balances at Federal Reserve (central bank reserves),"Central bank reserves = Level 1, 0% haircut; 0% RSF",Basel LCR (BCBS 238; Basel Framework LCR30/LCR40) LCR30.1; Basel NSFR (BCBS 295; Basel Framework NSF30)
A_RES_FED,asset,cash,LCR,Inflow,,0.0,CHFRB,52240000.0,1,High,Balances at Federal Reserve (central bank reserves),"Central bank reserves = Level 1, 0% haircut; 0% RSF",Basel LCR (BCBS 238; Basel Framework LCR30/LCR40) LCR30.1; Basel NSFR (BCBS 295; Basel Framework NSF30)
A_RES_FED,asset,cash,NSFR,RSF,,0.0,CHFRB,52240000.0,1,High,Balances at Federal Reserve (central bank reserves),"Central bank reserves = Level 1, 0% haircut; 0% RSF",Basel LCR (BCBS 238; Basel Framework LCR30/LCR40) LCR30.1; Basel NSFR (BCBS 295; Basel Framework NSF30)
A_CASH_FOREIGN,asset,cash,LCR,HQLA,L1,100.0,CHNUS,244191000.0,1,Low,Balances due from foreign banks (assumed mostly foreign central bank placements),Not separable in Call Report; assumed foreign central-bank reserves for a G-SIB bank. Sensitivity: set haircut/RSF to FI-placement values,Assumption - verify vs JPMorgan Chase & Co. LCR disclosure
A_CASH_FOREIGN,asset,cash,NSFR,RSF,,0.0,CHNUS,244191000.0,1,Low,Balances due from foreign banks (assumed mostly foreign central bank placements),Not separable in Call Report; assumed foreign central-bank reserves for a G-SIB bank. Sensitivity: set haircut/RSF to FI-placement values,Assumption - verify vs JPMorgan Chase & Co. LCR disclosure
A_COIN,asset,cash,LCR,HQLA,L1,100.0,CHCOIN,8621000.0,1,High,Currency and coin,Coins and banknotes = Level 1,Basel LCR (BCBS 238; Basel Framework LCR30/LCR40)
A_COIN,asset,cash,NSFR,RSF,,0.0,CHCOIN,8621000.0,1,High,Currency and coin,Coins and banknotes = Level 1,Basel LCR (BCBS 238; Basel Framework LCR30/LCR40)
A_CIPC,asset,cash,NSFR,RSF,,100.0,CHCIC,18193000.0,1,Low,Cash items in process of collection,Not HQLA; conservative 'other assets' RSF,Basel NSFR (BCBS 295; Basel Framework NSF30)
A_CASH_SCOPE_ADJ,asset,cash,NSFR,RSF,,0.0,-CHCOIN,-8621000.0,1,Low,Scope adjustment: CHCOIN overlaps with CHBAL's reported total,"Empirically verified at all 14 quarters: CHBAL == CHFRB+CHNUS+CHUS+CHCIC exactly, with no room for CHCOIN; and total ASSET only reconciles when CHCOIN is NOT added as an incremental amount on top of CHBAL's 4 sub-items. This means FDIC's CHCOIN field duplicates a currency/coin amount already embedded inside CHBAL's reported figure (likely inside CHCIC or CHNUS), rather than being a wholly separate asset. This line backs CHCOIN back out so the cash-family total matches the audited balance sheet exactly. Root cause in FDIC's field definitions not resolved from public docs -- flagged for review rather than assumed silently.",Reconciliation-forced adjustment; see mapping_README.md 'Known data quirks'
A_DUE_US,asset,cash,NSFR,RSF,,15.0,CHUS,1702000.0,1,Medium,Balances due from US depository institutions,Placements with financial institutions <6m: 15% RSF,Basel NSFR (BCBS 295; Basel Framework NSF30)
S_UST,asset,securities,LCR,HQLA,L1,100.0,SCUST,483331000.0,1,High,US Treasury securities,Sovereign 0% RW = Level 1; unencumbered L1 RSF 5%,Basel LCR (BCBS 238; Basel Framework LCR30/LCR40) LCR30.1; Basel NSFR (BCBS 295; Basel Framework NSF30)
S_UST,asset,securities,NSFR,RSF,,5.0,SCUST,483331000.0,1,High,US Treasury securities,Sovereign 0% RW = Level 1; unencumbered L1 RSF 5%,Basel LCR (BCBS 238; Basel Framework LCR30/LCR40) LCR30.1; Basel NSFR (BCBS 295; Basel Framework NSF30)
S_GNMA,asset,securities,LCR,HQLA,L1,100.0,SCGNM,49590000.0,1,Medium,GNMA pass-through MBS (full faith & credit),Treated as Level 1 under US rule (Treasury-guaranteed); Basel text is less explicit -> flagged,US Reg WW (12 CFR 249) HQLA treatment
S_GNMA,asset,securities,NSFR,RSF,,5.0,SCGNM,49590000.0,1,Medium,GNMA pass-through MBS (full faith & credit),Treated as Level 1 under US rule (Treasury-guaranteed); Basel text is less explicit -> flagged,US Reg WW (12 CFR 249) HQLA treatment
S_GSE,asset,securities,LCR,HQLA,L2A,85.0,SCUSO-SCGNM,124358000.0,1,Medium,"Agency/GSE debt and MBS (FNMA, FHLMC, agency CMO/CMBS)","GSE-guaranteed securities = Level 2A, 15% haircut; RSF 15%",Basel LCR (BCBS 238; Basel Framework LCR30/LCR40) LCR30.1; US Reg WW (12 CFR 249) HQLA treatment
S_GSE,asset,securities,NSFR,RSF,,15.0,SCUSO-SCGNM,124358000.0,1,Medium,"Agency/GSE debt and MBS (FNMA, FHLMC, agency CMO/CMBS)","GSE-guaranteed securities = Level 2A, 15% haircut; RSF 15%",Basel LCR (BCBS 238; Basel Framework LCR30/LCR40) LCR30.1; US Reg WW (12 CFR 249) HQLA treatment
S_MUNI,asset,securities,LCR,HQLA,L2B,50.0,SCMUNI,26866000.0,1,Low,State & municipal securities,Investment-grade GO munis Level 2B (50% haircut) under US rule; ratings unknown,US Reg WW (12 CFR 249) HQLA treatment
S_MUNI,asset,securities,NSFR,RSF,,50.0,SCMUNI,26866000.0,1,Low,State & municipal securities,Investment-grade GO munis Level 2B (50% haircut) under US rule; ratings unknown,US Reg WW (12 CFR 249) HQLA treatment
S_OTHDOM,asset,securities,NSFR,RSF,,85.0,SCDOMO,69800000.0,1,Low,"Other domestic debt (private RMBS/CMBS, ABS, structured, corporate)",No ratings -> not HQLA (conservative); non-HQLA securities RSF 85%,Basel NSFR (BCBS 295; Basel Framework NSF30)
S_FOR,asset,securities,NSFR,RSF,,85.0,SCFORD,50616000.0,1,Low,Foreign debt securities,Composition unknown (foreign sovereign could be L1) -> conservative non-HQLA; sensitivity item,Assumption
S_OTHER,asset,securities,NSFR,RSF,,85.0,SC-SCUST-SCUSO-SCMUNI-SCDOMO-SCFORD,3921000.0,1,Low,Equities & residual securities,"Equity/residual: not HQLA, RSF 85%",Basel NSFR (BCBS 295; Basel Framework NSF30)
A_TRADE,asset,trading,NSFR,RSF,,85.0,TRADE,677345000.0,1,Low,Trading assets,Composition (securities vs derivatives) unknown; blended 85%. Derivative assets would be 100%,Basel NSFR (BCBS 295; Basel Framework NSF30)
A_REVREPO,asset,secured_lending,LCR,Inflow,,0.0,FREPO,407124000.0,1,Low,Fed funds sold & reverse repos,Secured lending to FIs <6m: 10% (L1 collateral) / 15% (other) -> 15% conservative; no inflow credited (collateral may be re-used),Basel NSFR (BCBS 295; Basel Framework NSF30)
A_REVREPO,asset,secured_lending,NSFR,RSF,,15.0,FREPO,407124000.0,1,Low,Fed funds sold & reverse repos,Secured lending to FIs <6m: 10% (L1 collateral) / 15% (other) -> 15% conservative; no inflow credited (collateral may be re-used),Basel NSFR (BCBS 295; Basel Framework NSF30)
L_RES_LE12,asset,loans,NSFR,RSF,,50.0,LNRS3LES+LNRS3T12,19290000.0,1,Medium,"1-4 family first-lien loans, <=12m (maturity/repricing)",Loans <1y to retail: 50% RSF,Basel NSFR (BCBS 295; Basel Framework NSF30)
L_RES_GT12,asset,loans,NSFR,RSF,,65.0,LNRS1T3+LNRS3T5+LNRS5T15+LNRSOV15,283192000.0,1,Medium,"1-4 family first-lien loans, >1y","Residential mortgages >=1y, RW<=35%: 65% RSF. Note buckets are 'maturity OR next repricing' (ARMs understate maturity)",Basel NSFR (BCBS 295; Basel Framework NSF30)
L_NBFI_SHORT,asset,loans,LCR,Inflow,,33.33,"min(LNNDEPD,LNOT3LES)",200984000.0,1,Low,Loans to non-depository financial institutions (assumed <=3m),Loans to FIs <6m: 15% RSF; FI inflow 100% x (30d/90d) share maturing in 30d,Basel NSFR (BCBS 295; Basel Framework NSF30); Basel LCR (BCBS 238; Basel Framework LCR30/LCR40)
L_NBFI_SHORT,asset,loans,NSFR,RSF,,15.0,"min(LNNDEPD,LNOT3LES)",200984000.0,1,Low,Loans to non-depository financial institutions (assumed <=3m),Loans to FIs <6m: 15% RSF; FI inflow 100% x (30d/90d) share maturing in 30d,Basel NSFR (BCBS 295; Basel Framework NSF30); Basel LCR (BCBS 238; Basel Framework LCR30/LCR40)
L_OTH_LE12,asset,loans,LCR,Inflow,,0.0,"LNOT3LES+LNOT3T12-min(LNNDEPD,LNOT3LES)",824055000.0,1,Low,"Other loans <=12m (C&I, cards, consumer, other)",Loans <1y to non-financials/retail: 50% RSF; <=3m bucket is dominated by revolving/no-maturity balances -> no LCR inflow credited,Basel NSFR (BCBS 295; Basel Framework NSF30)
L_OTH_LE12,asset,loans,NSFR,RSF,,50.0,"LNOT3LES+LNOT3T12-min(LNNDEPD,LNOT3LES)",824055000.0,1,Low,"Other loans <=12m (C&I, cards, consumer, other)",Loans <1y to non-financials/retail: 50% RSF; <=3m bucket is dominated by revolving/no-maturity balances -> no LCR inflow credited,Basel NSFR (BCBS 295; Basel Framework NSF30)
L_OTH_GT12,asset,loans,NSFR,RSF,,85.0,LNOT1T3+LNOT3T5+LNOT5T15+LNOTOV15,224568000.0,1,Medium,Other loans >1y,"Performing loans >=1y, RW>35%: 85% RSF",Basel NSFR (BCBS 295; Basel Framework NSF30)
L_RECON,asset,loans,NSFR,RSF,,85.0,LNLSGR-(LNRS3LES+LNRS3T12+LNRS1T3+LNRS3T5+LNRS5T15+LNRSOV15+LNOT3LES+LNOT3T12+LNOT1T3+LNOT3T5+LNOT5T15+LNOTOV15),9488000.0,1,Low,Loans not covered by the maturity/repricing schedule (gross basis),"The LNRS*/LNOT* maturity schedule (Sched. RC-C Pt.I memo) is reported GROSS, not net of allowance -- confirmed: LNLSNET = LNLSGR - LNATRES exactly, and LNLSGR - sum(buckets) is small and POSITIVE (~0.6% of gross loans, sensible residual e.g. nonaccrual/unscheduled loans), whereas LNLSNET - sum(buckets) was NEGATIVE (impossible economically) -- that was the bug. Fixed by using LNLSGR as the base here; the allowance is now backed out explicitly via A_ALLOW below instead of being silently mixed into this residual.",Reconciliation-forced fix; see mapping_README.md 'Known data quirks'
A_ALLOW,asset,loans,BalanceSheet,Memo/contra,,,-LNATRES,-25942000.0,1,High,Allowance for loan and lease losses (contra-asset),"Deduction from gross to net loan carrying value (LNLSNET = LNLSGR - LNATRES). Not an economic exposure, so no RSF weight of its own -- ratios.py excludes this line from the RSF-weighted sum but includes it in the balance-sheet total check. NSFR RSF is properly applied on carrying (net) values, not gross: ratios.py applies a uniform LNLSNET/LNLSGR netting factor across all loan-schedule RSF lines to approximate this (see README).",Standard netting; recommended by independent review
A_PREM,asset,other,NSFR,RSF,,100.0,BKPREM,31891000.0,1,High,Premises & fixed assets,Other assets 100% RSF,Basel NSFR (BCBS 295; Basel Framework NSF30)
A_ORE,asset,other,NSFR,RSF,,100.0,ORE,271000.0,1,High,Other real estate owned,Other assets 100% RSF,Basel NSFR (BCBS 295; Basel Framework NSF30)
A_INTAN,asset,other,NSFR,RSF,,100.0,INTAN,50505000.0,1,High,Goodwill & intangibles,Other assets 100% RSF,Basel NSFR (BCBS 295; Basel Framework NSF30)
A_OTHER,asset,other,NSFR,RSF,,100.0,AOA,263736000.0,1,Medium,All other assets,Other assets 100% RSF,Basel NSFR (BCBS 295; Basel Framework NSF30)
D_INS_STABLE,liability,deposits,LCR,Outflow,,5.0,DEPINS-BROINS,855370000.0,1,Medium,Insured domestic deposits (non-brokered) - proxy for stable retail/small business,Fully insured deposits = 'stable' 5% run-off; stable retail <1y ASF 95%. Proxy: assumes relationship criteria met,Basel LCR (BCBS 238; Basel Framework LCR30/LCR40) LCR40.7; Basel NSFR (BCBS 295; Basel Framework NSF30)
D_INS_STABLE,liability,deposits,NSFR,ASF,,95.0,DEPINS-BROINS,855370000.0,1,Medium,Insured domestic deposits (non-brokered) - proxy for stable retail/small business,Fully insured deposits = 'stable' 5% run-off; stable retail <1y ASF 95%. Proxy: assumes relationship criteria met,Basel LCR (BCBS 238; Basel Framework LCR30/LCR40) LCR40.7; Basel NSFR (BCBS 295; Basel Framework NSF30)
D_INS_BRO,liability,deposits,LCR,Outflow,,10.0,BROINS,37909000.0,1,Medium,Fully insured brokered deposits,Brokered -> less stable: 10% run-off; ASF 90%,Basel LCR (BCBS 238; Basel Framework LCR30/LCR40) LCR40.9; Basel NSFR (BCBS 295; Basel Framework NSF30)
D_INS_BRO,liability,deposits,NSFR,ASF,,90.0,BROINS,37909000.0,1,Medium,Fully insured brokered deposits,Brokered -> less stable: 10% run-off; ASF 90%,Basel LCR (BCBS 238; Basel Framework LCR30/LCR40) LCR40.9; Basel NSFR (BCBS 295; Basel Framework NSF30)
D_DOM_BANK,liability,deposits,LCR,Outflow,,100.0,TRNCBO+NTRCOMOT,7845000.0,1,High,Deposits of US banks (domestic offices),Financial institution deposits 100% run-off; ASF 0%,Basel LCR (BCBS 238; Basel Framework LCR30/LCR40) LCR40.28; Basel NSFR (BCBS 295; Basel Framework NSF30)
D_DOM_BANK,liability,deposits,NSFR,ASF,,0.0,TRNCBO+NTRCOMOT,7845000.0,1,High,Deposits of US banks (domestic offices),Financial institution deposits 100% run-off; ASF 0%,Basel LCR (BCBS 238; Basel Framework LCR30/LCR40) LCR40.28; Basel NSFR (BCBS 295; Basel Framework NSF30)
D_DOM_GOV,liability,deposits,LCR,Outflow,,40.0,TRNUSGOV+NTRUSGOV+TRNMUNI+NTRMUNI,51902000.0,1,Medium,US federal/state/local govt deposits,Sovereign/PSE non-operational 40% run-off; wholesale <1y ASF 50%,Basel LCR (BCBS 238; Basel Framework LCR30/LCR40) LCR40.31; Basel NSFR (BCBS 295; Basel Framework NSF30)
D_DOM_GOV,liability,deposits,NSFR,ASF,,50.0,TRNUSGOV+NTRUSGOV+TRNMUNI+NTRMUNI,51902000.0,1,Medium,US federal/state/local govt deposits,Sovereign/PSE non-operational 40% run-off; wholesale <1y ASF 50%,Basel LCR (BCBS 238; Basel Framework LCR30/LCR40) LCR40.31; Basel NSFR (BCBS 295; Basel Framework NSF30)
D_DOM_FOR,liability,deposits,LCR,Outflow,,100.0,TRNFCFG+NTRFCFG,102607000.0,1,Low,Foreign banks & govts' deposits in domestic offices,Mix of foreign banks (100%) and foreign govts (40%) unknown -> conservative 100%,Assumption
D_DOM_FOR,liability,deposits,NSFR,ASF,,0.0,TRNFCFG+NTRFCFG,102607000.0,1,Low,Foreign banks & govts' deposits in domestic offices,Mix of foreign banks (100%) and foreign govts (40%) unknown -> conservative 100%,Assumption
D_DOM_UNINS_OTH,liability,deposits,LCR,Outflow,,40.0,DEPDOM-DEPINS-(TRNCBO+NTRCOMOT)-(TRNUSGOV+NTRUSGOV+TRNMUNI+NTRMUNI)-(TRNFCFG+NTRFCFG),1171157000.0,1,Medium,Uninsured domestic deposits - corporates & other (residual),Non-financial corporate non-operational 40% run-off; ASF 50%. Operational-deposit share (25%) not separable -> sensitivity,Basel LCR (BCBS 238; Basel Framework LCR30/LCR40) LCR40.31; Basel NSFR (BCBS 295; Basel Framework NSF30)
D_DOM_UNINS_OTH,liability,deposits,NSFR,ASF,,50.0,DEPDOM-DEPINS-(TRNCBO+NTRCOMOT)-(TRNUSGOV+NTRUSGOV+TRNMUNI+NTRMUNI)-(TRNFCFG+NTRFCFG),1171157000.0,1,Medium,Uninsured domestic deposits - corporates & other (residual),Non-financial corporate non-operational 40% run-off; ASF 50%. Operational-deposit share (25%) not separable -> sensitivity,Basel LCR (BCBS 238; Basel Framework LCR30/LCR40) LCR40.31; Basel NSFR (BCBS 295; Basel Framework NSF30)
D_FO_IPC,liability,deposits,LCR,Outflow,,40.0,DEPIPCCF,498654000.0,1,Low,Foreign-office deposits: individuals/partnerships/corporations,Assumed non-financial corporate/wholesale; may include non-bank FIs (100%),Assumption
D_FO_IPC,liability,deposits,NSFR,ASF,,50.0,DEPIPCCF,498654000.0,1,Low,Foreign-office deposits: individuals/partnerships/corporations,Assumed non-financial corporate/wholesale; may include non-bank FIs (100%),Assumption
D_FO_BANK,liability,deposits,LCR,Outflow,,100.0,DEPFBKF+DEPUSBKF,47231000.0,1,High,Foreign-office deposits: banks,FI deposits 100% run-off; ASF 0%,Basel LCR (BCBS 238; Basel Framework LCR30/LCR40)
D_FO_BANK,liability,deposits,NSFR,ASF,,0.0,DEPFBKF+DEPUSBKF,47231000.0,1,High,Foreign-office deposits: banks,FI deposits 100% run-off; ASF 0%,Basel LCR (BCBS 238; Basel Framework LCR30/LCR40)
D_FO_GOV,liability,deposits,LCR,Outflow,,40.0,DEPFGOVF+DEPUSMF,47609000.0,1,Medium,Foreign-office deposits: governments/official,Sovereign non-operational 40%; ASF 50%,Basel LCR (BCBS 238; Basel Framework LCR30/LCR40)
D_FO_GOV,liability,deposits,NSFR,ASF,,50.0,DEPFGOVF+DEPUSMF,47609000.0,1,Medium,Foreign-office deposits: governments/official,Sovereign non-operational 40%; ASF 50%,Basel LCR (BCBS 238; Basel Framework LCR30/LCR40)
B_REPO,liability,borrowings,LCR,Outflow,,25.0,FREPP,259329000.0,1,Low,Fed funds purchased & repos,Secured funding; collateral mix unknown. L1 0% / L2A 15% / other up to 100% -> 25% placeholder. ASF 0% (<6m FI),Basel LCR (BCBS 238; Basel Framework LCR30/LCR40) LCR40.46-40.50
B_REPO,liability,borrowings,NSFR,ASF,,0.0,FREPP,259329000.0,1,Low,Fed funds purchased & repos,Secured funding; collateral mix unknown. L1 0% / L2A 15% / other up to 100% -> 25% placeholder. ASF 0% (<6m FI),Basel LCR (BCBS 238; Basel Framework LCR30/LCR40) LCR40.46-40.50
B_TRADEL,liability,borrowings,LCR,Outflow,,0.0,TRADEL,169535000.0,1,Low,Trading liabilities,Derivative/short-position outflows not reconstructable from Call Report -> omitted (understates outflows),Limitation
B_TRADEL,liability,borrowings,NSFR,ASF,,0.0,TRADEL,169535000.0,1,Low,Trading liabilities,Derivative/short-position outflows not reconstructable from Call Report -> omitted (understates outflows),Limitation
B_ST,liability,borrowings,LCR,Outflow,,8.22,OTHBOT1L+OTBFH1L,90998000.0,1,Medium,Other borrowings + FHLB advances maturing <=1y,Uniform maturity: 30/365 falls in 30d at 100%; ASF avg of 0% (<6m) and 50% (6-12m) = 25%,Basel LCR (BCBS 238; Basel Framework LCR30/LCR40); Basel NSFR (BCBS 295; Basel Framework NSF30)
B_ST,liability,borrowings,NSFR,ASF,,25.0,OTHBOT1L+OTBFH1L,90998000.0,1,Medium,Other borrowings + FHLB advances maturing <=1y,Uniform maturity: 30/365 falls in 30d at 100%; ASF avg of 0% (<6m) and 50% (6-12m) = 25%,Basel LCR (BCBS 238; Basel Framework LCR30/LCR40); Basel NSFR (BCBS 295; Basel Framework NSF30)
B_LT,liability,borrowings,LCR,Outflow,,0.0,OTHBRF-OTHBOT1L-OTBFH1L,190796000.0,1,Medium,Other borrowings with remaining maturity >1y,Liabilities >=1y: 100% ASF; no 30d outflow,Basel NSFR (BCBS 295; Basel Framework NSF30)
B_LT,liability,borrowings,NSFR,ASF,,100.0,OTHBRF-OTHBOT1L-OTBFH1L,190796000.0,1,Medium,Other borrowings with remaining maturity >1y,Liabilities >=1y: 100% ASF; no 30d outflow,Basel NSFR (BCBS 295; Basel Framework NSF30)
B_SUB,liability,borrowings,LCR,Outflow,,0.0,SUBND,0.0,1,High,Subordinated debt,Capital/long-term debt 100% ASF,Basel NSFR (BCBS 295; Basel Framework NSF30)
B_SUB,liability,borrowings,NSFR,ASF,,100.0,SUBND,0.0,1,High,Subordinated debt,Capital/long-term debt 100% ASF,Basel NSFR (BCBS 295; Basel Framework NSF30)
B_OTHL,liability,other,LCR,Outflow,,0.0,ALLOTHL,218763000.0,1,Low,All other liabilities,Accruals/payables; other liabilities 0% ASF; LCR outflow omitted,Basel NSFR (BCBS 295; Basel Framework NSF30)
B_OTHL,liability,other,NSFR,ASF,,0.0,ALLOTHL,218763000.0,1,Low,All other liabilities,Accruals/payables; other liabilities 0% ASF; LCR outflow omitted,Basel NSFR (BCBS 295; Basel Framework NSF30)
E_EQ,equity,capital,LCR,Outflow,,0.0,EQTOT,341610000.0,1,High,Total equity capital,Regulatory capital pre-deductions 100% ASF (equity used as proxy),Basel NSFR (BCBS 295; Basel Framework NSF30)
E_EQ,equity,capital,NSFR,ASF,,100.0,EQTOT,341610000.0,1,High,Total equity capital,Regulatory capital pre-deductions 100% ASF (equity used as proxy),Basel NSFR (BCBS 295; Basel Framework NSF30)
O_CARD,offbs,commitments,LCR,Outflow,,5.0,UCCRCD,1118620000.0,0,Medium,Unused credit card lines,Retail credit/liquidity facilities 5%,Basel LCR (BCBS 238; Basel Framework LCR30/LCR40) LCR40.57
O_HELOC,offbs,commitments,LCR,Outflow,,5.0,UCLOC,18016000.0,0,Medium,Unused HELOC lines,Retail facilities 5%,Basel LCR (BCBS 238; Basel Framework LCR30/LCR40)
O_CRE,offbs,commitments,LCR,Outflow,,10.0,UCCOMRE,45290000.0,0,Medium,Unused CRE/construction commitments,Corporate credit facilities 10%,Basel LCR (BCBS 238; Basel Framework LCR30/LCR40)
O_OTHER,offbs,commitments,LCR,Outflow,,20.0,UCOTHER,714938000.0,0,Low,Other unused commitments,Blend of corporate credit 10% / liquidity 30% / FI 40-100% -> 20% placeholder,Basel LCR (BCBS 238; Basel Framework LCR30/LCR40)
O_SBLC,offbs,commitments,LCR,Outflow,,5.0,LOCFPSB,80733000.0,0,Low,Standby letters of credit & guarantees,Contingent funding: national discretion; 5% placeholder,Basel LCR (BCBS 238; Basel Framework LCR30/LCR40)
M_SCPLEDGE,memo,encumbrance,BalanceSheet,Memo/contra,,,SCPLEDGE,78224000.0,0,Medium,Pledged securities (deducted from Level 1 HQLA),Encumbered assets excluded from HQLA; deducted from L1 (conservative),Basel LCR (BCBS 238; Basel Framework LCR30/LCR40) LCR30
